Settore,Internal_Gap,External_Benchmark_Gap
Construction and Engineering,9.375,3.3939676649156194
Electronics,24.375,20.67788344306266
Financial Services,13.166666666666671,29.032554489181617
Technology,14.5,15.022908718312342
Telecommunications,7.5,15.501850642281727
