Settore,%_Donne_Totale,Career_Leak,%_Maschi_Totale
Financial Services,46.25520189488627,25.25520189488627,53.74479810511373
Technology,29.706350647567632,24.3730173142343,70.29364935243237
Electronics,36.279797391427984,19.48567974436916,63.720202608572016
Telecommunications,33.44256831277026,16.442568312770263,66.55743168722974
Construction and Engineering,15.886442967094919,4.446442967094919,84.11355703290509
